"Gender","Height","Weight"
"Male",73.847017017515,241.893563180437
"Male",68.7819040458903,162.310472521300
"Male",74.1101053917849,212.7408555565
"Male",71.7309784033377,220.042470303077
"Male",69.8817958611153,206.349800623871
"Male",67.2530156878065,152.212155757083
"Male",68.7850812516616,183.927888604031
"Male",68.3485155115879,167.971110489509
"Male",67.018949662883,175.92944039571
"Male",63.4564939783664,156.399676387112
"Male",71.1953822829745,186.604925560358
"Male",71.6408051192206,213.741169489411
"Male",64.7663291334055,167.127461073476
"Male",69.2830700967204,189.446181386738
"Male",69.2437322298112,186.434168021239
"Male",67.6456197004212,172.186930058117
"Male",72.4183166259878,196.028506330482
"Male",63.974325721061,172.883470208780
"Male",69.6400598997523,185.983957573130
"Male",67.9360048540095,182.426648013226
"Male",67.9150501938206,174.115929081393
"Male",69.4394398680395,197.73142161472
"Male",66.1491319608781,149.173566007975
"Male",75.2059736142212,228.761780615196
"Male",67.8931963386043,162.006651848287
"Male",68.1440327982008,192.343976579187
"Male",69.0896314289256,184.435174408406
"Male",72.8008435165003,206.828189420354
"Male",67.4212422817167,175.213922399227
"Male",68.4964153568827,154.342638925955
"Male",68.6181105502058,187.506843155807
"Male",74.0338076216678,212.910225325521
"Male",71.5282160355709,195.032243233835
"Male",69.1801610995692,205.183621341371
"Male",69.577202365402,204.164125484101
"Male",70.4009288884762,192.903515074649
"Male",69.0761711675356,197.488242598925
"Male",67.1935232827228,183.810973232751
"Male",65.8073156549306,163.851824878622
"Male",64.3041878915595,163.108017147583
"Male",67.9743362271967,172.135597406825
"Male",72.1894259592134,194.045404898059
"Male",65.2703455240394,168.617746204292
"Male",66.0901773762725,161.193432596622
"Male",67.5103215157138,164.660277264007
"Male",70.1047862551571,188.922303151274
"Male",68.2518364408672,187.060552163801
"Male",72.1727091157973,209.070863390252
"Male",69.1798576188774,192.014335412005
"Male",72.870360147235,211.342496819640
"Male",64.7825829779871,165.611626182250
"Male",70.1835498874837,201.071918099568
"Male",68.4914502529394,173.423960346601
"Male",67.3308308810162,181.407679285937
"Male",66.9909440825232,169.737707400252
"Male",66.4995499002499,163.309528309674
"Male",68.3530566463988,189.710209942456
"Male",70.7744590703974,192.124847346168
"Male",71.2159236694709,198.1984641076
"Male",70.0133653490674,209.526499837126
"Male",71.4031822207589,198.759792659859
"Male",69.5520050948319,198.079523654438
"Male",73.8185345577699,195.290612189727
"Male",66.99688275225,164.943302997003
"Male",71.4184658930907,179.863902339297
"Male",65.2793002090043,155.250420694049
"Male",68.2741914742284,184.519391248574
"Male",72.7653699463424,220.678041465283
"Male",68.0993798003468,183.31265530722
"Male",68.8967060721692,196.451312291183
"Male",69.2895099633052,184.595608300273
"Male",70.5232245234565,207.532838518544
"Male",69.6637252265179,177.200928752348
"Male",67.5952688079157,163.108002209381
"Male",72.5081203801037,216.218230112735
"Male",71.2529856038086,204.655493822323
"Male",71.8091868893668,200.920571219495
"Male",72.2451654792519,220.901769881142
"Male",66.5126276609347,196.449860340782
"Male",66.0290340048182,168.640810039015
"Male",67.577153942735,181.432713008126
"Male",68.2465686016242,198.658673326418
"Male",73.8261270026308,237.916735863185
"Male",69.8024643604904,173.041255909233
"Male",65.9595777848988,160.683916639879
"Male",71.0790175757451,188.602919070666
"Male",66.5961965372077,208.345694035109
"Male",68.9515350928246,193.435118452271
"Male",68.2444617923064,174.109693790620
"Male",72.3168251228452,197.368589249335
"Male",71.8154204495308,201.620666747742
"Male",65.2370495188386,181.011973240364
"Male",70.6405300907292,182.122485978660
"Male",64.731925597255,177.549263423371
"Male",67.1035511824075,164.974580682475
"Male",65.1174848880457,165.717112190107
"Male",71.7012340230177,193.094163543063
"Male",66.8328782059274,180.683886970857
"Male",66.4712752615182,172.773722928412
"Male",69.4115262206039,177.470616229738
"Male",70.0521774745245,200.818737313254
"Male",66.7436046519631,167.739775344302
"Male",66.2743291154144,154.395624779233
"Male",68.328447992915,177.984728603887
"Male",70.0758881952341,183.938856956780
"Male",68.7329881487344,179.204782068600
"Male",67.556051261876,158.567987385418
"Male",66.2536325347937,166.503531642942
"Male",69.1822026805756,171.983677611956
"Male",67.6091049416397,174.36418237859
"Male",69.2927380218867,187.745351863374
"Male",68.1906840077038,201.487962380610
"Male",71.6070857988906,204.927012136803
"Male",69.1968575103315,178.685546470181
"Male",67.2619609790619,164.014427741951
"Male",73.6851933999998,223.270004412371
"Male",69.5372150072948,202.958306269835
"Male",68.3115598414683,189.391785609949
"Male",67.7389634664393,178.170555578466
"Male",71.7057626011001,223.299335239803
"Male",63.6322646037867,167.028706658323
"Male",68.7211984556865,180.468682011870
"Male",66.9493416501869,164.439145622362
"Male",62.7069897353164,149.969618421042
"Male",72.2584089235993,192.910266551722
"Male",70.9086530626676,201.883998700574
"Male",67.609843601682,179.868025984495
"Male",70.8015589556942,196.467724673936
"Male",69.3047690450735,187.551649491386
"Male",66.2428983411553,171.69315968571
"Male",67.4921929772739,191.699604784328
"Male",65.8062482913584,165.850647784905
"Male",71.4437056615428,185.662741323862
"Male",68.4644058223141,178.281800729884
"Male",63.98792460498,150.979051250134
"Male",71.0018976858456,209.929323430504
"Male",68.1397241925525,174.157804341493
"Male",68.395400248121,179.878977102334
"Male",68.0962197450165,167.747141247633
"Male",68.1405903559209,183.044660372103
"Male",68.8600903087433,169.556820782151
"Male",66.1488525422307,173.431672660432
"Male",66.2060320529589,180.889554609418
"Male",67.4321202146878,183.508932854723
"Male",69.471106031247,205.977910165675
"Male",70.5158596943462,183.759845192649
"Male",71.3383760399558,201.954495466668
"Male",71.0019447673538,216.120094736912
"Male",66.202347706273,159.390323744187
"Male",72.5433070453887,210.336424661861
"Male",67.4793517580411,178.618350159953
"Male",65.3504105558103,146.739797635802
"Male",70.8440624208882,195.937014974314
"Male",69.9384752593112,170.175853813004
"Male",64.7398154829922,169.654054121188
"Male",69.3084028803936,198.378693643572
"Male",68.8384628598724,179.907716915983
"Male",61.9373232676829,147.263686501559
"Male",68.5933355351181,176.984251121287
"Male",65.2185755780772,185.467788373205
"Male",64.3336481069845,177.49380233889
"Male",68.7489067017398,169.827477419625
"Male",72.4896554004081,198.581698249799
"Male",67.2339309182551,203.350339274846
"Male",67.263604843261,193.217672687431
"Male",65.1185042831735,178.134945178843
"Male",66.2628200381632,162.779583404690
"Male",67.7016796596273,159.286510598869
"Male",65.530695966695,172.114311951227
"Male",69.8689698092041,201.837042594883
"Male",68.481875364733,170.352329550626
"Male",72.2139633457195,205.389760708631
"Male",68.1795326940723,169.787768075943
"Male",71.9812065428705,200.437310528735
"Male",66.0651367327304,178.588954037204
"Male",66.6561641698185,168.014029738329
"Male",67.5994241952902,177.766425839946
"Male",68.245944093831,193.277623999542
"Male",64.808621440717,162.379540639612
"Male",67.4922182698406,183.383824391458
"Male",68.1807307068654,181.056095285359
"Male",69.553384902902,210.871798957101
"Male",66.4022496683603,165.568499073011
"Male",66.5921571146877,196.148449846229
"Male",71.9358865828482,202.046425151919
"Male",68.2870417278818,170.413602496365
"Male",69.9554511951638,201.948085296608
"Male",71.8511291454027,193.386984552842
"Male",65.7554986406737,179.855689615225
"Male",67.0318520789828,156.489934998191
"Male",76.7098348578592,235.035418820022
"Male",72.5711213712958,230.560534959742
"Male",69.7288048973671,203.895654986365
"Male",72.799224004586,218.216396639014
"Male",72.5393540719418,222.667177921523
"Male",72.2947433844169,208.474865890573
"Male",67.2533248158638,180.779780013772
"Male",75.9444603760016,231.924748509110
"Male",66.3162319187446,170.593858104457
"Male",71.1560534900436,188.271456288347
"Male",71.1922022869477,196.061529163376
"Male",72.1975120071642,214.603584170431
"Male",75.1408214339315,224.124271329560
"Male",64.4115293597211,158.579397323387
"Male",64.7344243580774,166.501114745286
"Male",63.4145871379546,160.140615622405
"Male",67.8486652335686,176.172634254583
"Male",65.9317848288,174.485294666451
"Male",70.9665504363426,193.906498798923
"Male",67.5807472772935,186.991606706801
"Male",68.589270437901,173.595796099507
"Male",70.3247534441504,193.346560303991
"Male",72.3944804051075,208.436509038226
"Male",70.8208567145256,206.032977800797
"Male",65.9033012610258,172.57523095707
"Male",74.7953750218274,232.635402847360
"Male",67.6809190342573,177.24014549544
"Male",67.1559627687305,175.646690214202
"Male",71.7748412248401,212.626102288605
"Male",64.6652319449664,166.969204009677
"Male",68.1227683623759,196.414415275124
"Male",66.786927239528,165.431242225646
"Male",66.805849836748,176.565818557689
"Male",67.8860137980274,174.652034715810
"Male",69.1735769192432,195.237529301091
"Male",70.2249233263794,205.684438396274
"Male",64.8557991775539,158.341442360480
"Male",67.8210932715426,169.081008273884
"Male",63.4402474670865,135.655875865835
"Male",71.8484348479039,218.157469450706
"Male",66.7280736470863,155.899541329016
"Male",71.9683056520603,201.528177430467
"Male",76.0213474760963,235.926060648678
"Male",71.4761012826014,195.392617577504
"Male",67.3698086448686,176.636163567362
"Male",70.5552437595499,198.460248600108
"Male",69.8671012814472,185.716910023673
"Male",67.9475700421625,177.347779818472
"Male",74.104558863713,215.759703523821
"Male",69.167836299535,187.022420301570
"Male",66.557228572704,171.587884316854
"Male",66.7016049901078,172.839809078093
"Male",67.2460649543824,168.280286893893
"Male",69.0513854849974,163.820488927750
"Male",70.6727471767308,190.023434180521
"Male",65.4989951214088,156.869951668729
"Male",65.1872208535622,172.606482559614
"Male",67.5681430060826,169.063982994918
"Male",73.8153856882339,231.374508117238
"Male",71.606564208448,207.250476751691
"Male",67.724749235945,172.152772178008
"Male",68.231131952185,199.827758022834
"Male",65.9294217100738,168.090412215803
"Male",71.5484957096636,197.819614833288
"Male",69.1643811220365,196.892315040706
"Male",68.5976593239588,180.221780102342
"Male",71.0575108857852,189.134012435934
"Male",63.6440595814991,158.422717319974
"Male",71.1824553956369,208.922682655891
"Male",66.1286731698491,187.141119453372
"Male",65.0573731150978,157.582431535246
"Male",68.0913743588464,181.644444983884
"Male",70.993143899047,204.746678174754
"Male",74.2211748776249,231.130189759308
"Male",69.3271181795885,186.258429614423
"Male",64.9313421940842,181.093869638880
"Male",68.3468423145436,198.920979667801
"Male",70.9291250844694,203.370463215939
"Male",61.4778092015939,161.028752141872
"Male",68.4908127185185,189.806681842181
"Male",72.0498898708186,200.202828506602
"Male",72.5216670257767,221.862650308484
"Male",71.233911393331,214.060148220865
"Male",72.2591151862599,201.701421617410
"Male",67.5650399045651,187.187093632233
"Male",72.26760699498,196.527466895855
"Male",62.6002479975529,151.720703729313
"Male",66.2364372917754,167.297530251137
"Male",69.6504374123688,198.843695964623
"Male",69.2859214061721,178.789547981921
"Male",70.7252787373505,193.539252115985
"Male",68.8286149599904,197.737905022318
"Male",66.0144282335004,184.461811520982
"Male",66.4148820603895,155.194771686925
"Male",66.6156243917126,160.991989871194
"Male",68.0348217821036,189.084461735075
"Male",70.5023980440946,172.985777146208
"Male",69.1577294930868,195.895256857188
"Male",70.7950226136223,215.746455305230
"Male",65.1943771233415,166.707373059357
"Male",74.7857143190925,239.464342902696
"Male",71.0669062761598,184.279245833050
"Male",69.334197785954,199.983890906512
"Male",69.8992039506227,191.412231132701
"Male",64.4251937917821,169.109401417791
"Male",67.85213069861,194.744522494038
"Male",67.549069488044,183.266533117893
"Male",74.7674468449337,210.369908709756
"Male",71.4189459863648,198.042483889936
"Male",67.1203443862066,172.664090375104
"Male",69.8595879120267,197.070856157865
"Male",68.4308133914105,190.505810039573
"Male",67.9334826070233,184.555483105293
"Male",68.4953431552723,179.929816647941
"Male",65.2441434106539,159.503219765390
"Male",70.18535204699,197.884507071155
"Male",71.1041331645307,217.269605198307
"Male",68.4475785430627,187.907425986628
"Male",65.4205768240508,176.861684237851
"Male",67.7007881137183,185.148202101777
"Male",74.2230630621199,223.308040304474
"Male",71.1672458708534,206.942981776074
"Male",67.2307718899502,171.016940600979
"Male",67.880559193661,175.222847965396
"Male",67.3763754684836,173.310395551927
"Male",68.7612469290256,181.125973501963
"Male",71.7052725009646,202.609008338003
"Male",69.3809947926619,199.850920048803
"Male",73.7165276342286,223.514722344292
"Male",69.4533762078207,219.261706666844
"Male",70.7862898094215,211.216080923481
"Male",71.7684637369012,200.798982967421
"Male",69.3434539586165,208.809775337563
"Male",65.2860255086334,161.420081658509
"Male",70.9218444138077,207.835944561795
"Male",68.5966626863791,180.831237755497
"Male",68.6037964328568,176.815476209732
"Male",69.4787441197736,194.603768502719
"Male",65.9308962149966,163.008431653289
"Male",68.5233452979566,173.270657154824
"Male",73.9291241262215,215.620035427178
"Male",71.1979378222303,210.134529042031
"Male",66.5565868729681,185.042324084993
"Male",71.7422762291745,187.965355359453
"Male",69.7448293316538,188.181124848229
"Male",66.7506541256505,179.542017143198
"Male",69.6924222571513,211.718428961730
"Male",70.4035168308414,197.692142083456
"Male",69.0197361098685,186.287991990979
"Male",64.732287155256,166.106072437390
"Male",70.9980744408969,188.811769976897
"Male",64.4598142530512,161.378773212037
"Male",69.749522583002,193.476258831235
"Male",71.5268488121848,189.282246099829
"Male",68.327915863972,207.784924645001
"Male",70.7647201641119,199.323094259304
"Male",71.4190496341516,209.858256604748
"Male",69.3904740948909,180.175472763871
"Male",72.001732217799,196.214414481383
"Male",69.1914749733353,189.438840351539
"Male",66.1663632831791,165.514607433147
"Male",67.272142995153,182.39433469242
"Male",70.9158354035361,189.557637460086
"Male",69.1198877896665,189.625914076302
"Male",67.409025871346,170.191325429211
"Male",72.938649040208,216.097454719831
"Male",70.4909286959958,177.067774350773
"Male",69.0082594618674,196.051188755039
"Male",66.7621099176273,167.700496231312
"Male",69.1206637294553,179.607870051102
"Male",73.1262671878997,220.661405093753
"Male",67.4868238954174,164.295241252612
"Male",64.95507833495,156.544786349540
"Male",67.7824890749697,183.681029038066
"Male",67.662398796047,170.305493490476
"Male",66.4763970064683,168.627263912841
"Male",72.9870702010434,209.637974489395
"Male",69.5632322771984,195.346026970440
"Male",71.0035601394697,194.322601360166
"Male",69.9156373621056,219.367916747189
"Male",71.697141788046,205.161748286445
"Male",67.6499408575301,178.882633665742
"Male",68.2955545645253,181.724931465833
"Male",68.687255673712,203.560333836071
"Male",68.9157716453463,165.155898683434
"Male",68.9608796727544,197.931429550253
"Male",67.2472352041876,173.284033013291
"Male",68.915863641061,183.947788899966
"Male",65.8385445036175,139.534046940100
"Male",64.6710755478367,160.188531344114
"Male",66.2958977236134,163.604002191910
"Male",67.0975857472015,193.955107443761
"Male",66.998289732799,189.893342494401
"Male",70.9619709026438,184.223932043739
"Male",68.4208722048485,190.795542169576
"Male",67.6525275866462,188.200679380904
"Male",75.6201931582543,226.207779869446
"Male",70.549242022249,197.879373104868
"Male",68.8908389093416,190.51348690364
"Male",68.2845319195117,176.246583436270
"Male",64.9950782592052,177.727094498411
"Male",65.5757715426728,173.691592194197
"Male",69.3060882402712,210.463687540605
"Male",65.7047154221532,170.100563318173
"Male",67.8039910102957,173.459891805983
"Male",69.2161473119131,184.936690322645
"Male",68.015006008896,194.286945947274
"Male",61.9269489433641,149.149684837724
"Male",67.2663627155588,192.4707695606
"Male",67.6768218539142,179.750807982436
"Male",69.9709036159667,202.863293032098
"Male",65.3134615369232,163.357331518913
"Male",71.9060054405707,217.027714643657
"Male",66.2339040421843,183.16123245569
"Male",65.814942824229,166.583610507509
"Male",72.8449478550183,205.250889151117
"Male",70.9494434526129,189.703088823966
"Male",71.3438076277468,218.586336397370
"Male",71.0556641579506,203.139433025567
"Male",61.9255472947778,139.905070315411
"Male",68.7624575579021,196.293805874861
"Male",67.5839414255894,179.937011167166
"Male",67.3616946688862,164.145922397398
"Male",65.8791565562673,168.174864370716
"Male",68.6947621511413,189.742541903603
"Male",69.5348615536043,195.170391498940
"Male",66.6346908282865,190.467958779164
"Male",69.8099015736912,204.426598301005
"Male",68.6798736853237,196.151622823601
"Male",71.615178750348,209.670773879197
"Male",69.6897953335489,190.933400489868
"Male",70.9010863653248,197.944832362141
"Male",68.005813992332,186.78033784958
"Male",70.6157439783607,188.663832117765
"Male",71.5711941575576,176.376642766115
"Male",73.0128632629827,209.329483369428
"Male",60.748117867457,136.167865724177
"Male",69.082119625473,190.935182500985
"Male",69.3387376279613,191.445654280964
"Male",67.7571377115653,184.938229910773
"Male",76.0270818630512,232.313470969478
"Male",72.2276161601432,201.778853950381
"Male",68.9210413450252,188.328807061518
"Male",65.334927680754,174.655697250193
"Male",65.932403451767,183.943338755166
"Male",70.4666893102283,187.517442017500
"Male",73.181043621139,213.847452872237
"Male",68.550879686478,175.219518795655
"Male",68.5294082502857,169.544805445436
"Male",63.5964554204545,144.591922421247
"Male",67.1442412277953,175.679190176701
"Male",70.8163706158515,197.198401561075
"Male",73.530284807779,222.925916699257
"Male",66.1410689194018,165.404545337709
"Male",67.9068497483934,170.417231213329
"Male",71.4333758216347,216.633999687682
"Male",67.1126797980262,173.707504236685
"Male",73.2839179655908,217.896039742328
"Male",63.6725831540933,161.013145838894
"Male",69.2253203013539,193.756325798869
"Male",69.6701240248717,177.119160725399
"Male",70.4854481656936,204.827449737938
"Male",69.0046778666841,176.731892478922
"Male",68.4578940081104,192.761885655036
"Male",66.024733782518,166.961020473440
"Male",69.3181691252784,186.737995548307
"Male",69.0777405646964,188.506178710684
"Male",73.5622703667904,208.361491812853
"Male",66.0876888866475,161.495814307993
"Male",73.5259843332352,214.966459199799
"Male",69.6790602156639,205.133435498665
"Male",66.6767811169297,183.197306840047
"Male",72.9616654677117,208.895044285857
"Male",68.246872144459,207.925576545187
"Male",71.9566258887157,210.663827812062
"Male",71.0586333491432,204.272837745409
"Male",66.9769499482511,195.198730107264
"Male",68.478002075726,190.686022530134
"Male",71.2844413912849,199.635326578537
"Male",64.980456290984,166.821547345859
"Male",66.7618838734058,178.797508975099
"Male",68.7661617238793,185.772157505947
"Male",68.9925435671764,193.754990936111
"Male",71.295194595564,228.800516094148
"Male",69.0494784004474,192.349701712414
"Male",66.5414820162944,175.983491137569
"Male",68.5155234451208,176.141239163871
"Male",67.4597153131659,177.482524908403
"Male",71.3573824126824,201.760776882651
"Male",68.5904060416654,176.843079926229
"Male",69.736086706944,185.524260351598
"Male",69.8338570670345,188.041029020603
"Male",72.4105857637391,189.384438292527
"Male",65.4345968678659,166.096744020516
"Male",66.2676567702434,170.250178653613
"Male",69.9743008732506,212.80425895999
"Male",71.2091942237274,196.14550620845
"Male",69.9374001925209,202.279069679297
"Male",71.3860221929526,201.332006891009
"Male",64.5887816699057,158.454094446398
"Male",68.7929844158731,174.489486264089
"Male",68.4457467280668,183.783382685316
"Male",69.2015781220676,188.103506112668
"Male",69.4260173088723,176.193429823813
"Male",69.6062252013619,194.200711875856
"Male",72.8817069731098,194.199508871416
"Male",62.1783312217775,145.898842373806
"Male",68.8747066201055,191.833709173715
"Male",71.0800835585909,209.853553640725
"Male",72.1825341217157,201.261464391648
"Male",72.0627549780187,208.781853387475
"Male",67.3800578933842,182.673405387725
"Male",67.9346345330211,166.435068826956
"Male",70.8019302593082,193.393542614483
"Male",65.5491212718992,178.448179734226
"Male",70.1912244814707,205.941790671464
"Male",71.7789953682703,199.209842441218
"Male",68.1302884151545,192.029566571562
"Male",68.3594825628257,175.260864429376
"Male",66.090357013204,170.006445104546
"Male",71.5801231387686,205.347596206115
"Male",73.5366677229231,196.043295071718
"Male",71.1155318413304,208.145256645714
"Male",70.7943025458134,202.890757825725
"Male",71.7290604846774,188.595023951021
"Male",63.1965303693731,162.429727448715
"Male",68.1011134090994,182.852399097347
"Male",65.8560997291531,157.317461364304
"Male",68.3464565013792,178.675992067492
"Male",69.5602289299611,187.217485931716
"Male",68.7283040728389,171.620966570458
"Male",70.1582776521047,200.534178304201
"Male",68.9233366538642,193.927360410157
"Male",64.3001741979872,155.489728964615
"Male",70.4556330557961,192.527904959489
"Male",68.6240631902513,159.862467400555
"Male",69.6647517445683,176.25927439784
"Male",69.0588845404837,171.708926273601
"Male",67.2269862252501,181.709618932242
"Male",66.115799694985,171.386659244003
"Male",68.617387345682,179.132024597883
"Male",69.2490128135195,187.469371391246
"Male",69.6419061835922,182.004522302487
"Male",72.7970283570657,214.474035549004
"Male",75.0439950721537,208.526426975474
"Male",70.9726841308934,190.221992860972
"Male",74.3880124251986,217.14379049327
"Male",64.3621638717144,156.073898515176
"Male",71.3270010663305,206.385191144764
"Male",67.172024442062,178.152781433495
"Male",74.4016718853099,228.838395801115
"Male",63.8679209595893,174.473362892894
"Male",68.885991766866,164.21490258191
"Male",72.1319902243921,212.157275700066
"Male",68.403726169279,206.014939808132
"Male",65.0926563918755,167.433532984504
"Male",69.229679115924,195.218639696094
"Male",71.9477882649162,209.175489088048
"Male",67.4629906554446,182.301285584692
"Male",69.3129086423205,190.185146911980
"Male",63.7310481676985,160.344903874399
"Male",60.6798174028202,129.301023766729
"Male",70.6633230772118,195.626319057537
"Male",67.594031125615,186.751416941505
"Male",74.6495078833149,227.500645068307
"Male",70.4670788540361,197.187532031265
"Male",71.9440105192761,209.5562827193
"Male",74.0257508102552,209.75927206677
"Male",70.782228162223,220.436786379453
"Male",64.7272569610009,169.207936994027
"Male",68.3830240801838,185.845616779891
"Male",71.4692208023458,192.691493116905
"Male",66.9444537375838,177.026087781898
"Male",70.7969790042164,199.947383058908
"Male",65.2924347799135,168.710290250236
"Male",61.7540098289705,123.528143020198
"Male",62.4806713089603,160.242238208749
"Male",67.8056798701788,197.082611042199
"Male",69.5259942797687,161.970937553318
"Male",72.5007566339455,201.655055938162
"Male",70.4852947444441,194.786198325054
"Male",66.689735993223,162.565406733935
"Male",71.29191758372,175.810967713132
"Male",71.7967671979694,209.379310185811
"Male",73.0563442505026,204.4603316173
"Male",68.8533543682849,210.869084178877
"Male",66.045443857521,169.326284191826
"Male",73.985901415574,223.326104950414
"Male",69.2516178781137,192.946891078924
"Male",69.3406572151521,172.904801447625
"Male",70.976264966752,191.572153555511
"Male",63.5612776251623,157.119544459453
"Male",69.7701509519637,182.795494321816
"Male",65.1884775622368,151.886942249695
"Male",69.978940819921,193.341082818018
"Male",69.7505971518031,185.427970139056
"Male",71.1714311524347,195.382310760510
"Male",70.5720017829453,174.196887301378
"Male",65.6510895191431,164.649813939991
"Male",67.138414139275,163.845001328561
"Male",65.9180869418123,174.719958105635
"Male",73.7866364434803,212.900555995405
"Male",67.7372513405283,172.794260611103
"Male",65.5440762535086,171.980331261146
"Male",71.2139125656884,195.923416498401
"Male",65.5923540298347,174.815348513060
"Male",65.6675544806922,174.566855841687
"Male",61.9727358785594,140.277749662033
"Male",73.8999386863723,215.559703251912
"Male",72.3421836419704,215.858233901414
"Male",70.3116943408726,184.243860348496
"Male",67.1155643547224,168.202167127644
"Male",65.9324817643713,151.384618198034
"Male",67.2277450207952,185.970160851636
"Male",70.1143436293898,203.241731802719
"Male",74.8414997197116,223.945670277953
"Male",64.5273026254953,148.472185853494
"Male",70.0512546906491,207.194647294605
"Male",71.8331687752888,205.193061760797
"Male",72.8367396943866,209.422484275198
"Male",73.301865746729,199.166928678883
"Male",66.39319244743,165.064609545545
"Male",66.5151619602185,180.760534823182
"Male",69.2728126084372,202.298760151666
"Male",68.2319539277068,195.261990296064
"Male",70.4138690342612,184.232661744937
"Male",69.7268852052361,188.453759671202
"Male",65.510733890584,157.205025302195
"Male",69.1372693569977,196.5523243152
"Male",73.6661887960567,208.366179328565
"Male",65.8927525257603,158.184985696975
"Male",68.3544289583384,184.598427955692
"Male",70.424730529607,197.907521149770
"Male",72.0802011466065,202.867236668923
"Male",71.711124785333,199.080778987396
"Male",65.7291618715397,156.223958465888
"Male",63.8983381991847,168.299537977425
"Male",70.3160097119508,201.510688097382
"Male",65.788729792806,174.584879939493
"Male",69.8274641852115,196.930792028562
"Male",68.3311500917703,197.756770319413
"Male",67.7415892669206,165.64328330518
"Male",75.0338894406835,232.886117051993
"Male",73.4040585211468,192.732404676961
"Male",69.55476187936,192.181668737126
"Male",64.5390397840475,157.129277198286
"Male",67.5467614711226,163.495202566767
"Male",73.0964779848914,205.157577990748
"Male",66.5539810727358,171.428591885687
"Male",73.9916041888572,208.964583561346
"Male",70.8626880592361,209.759114032409
"Male",71.5687336966565,206.260457759816
"Male",65.8383911344328,177.211696598095
"Male",70.2755336626221,211.716253810906
"Male",61.773521995356,149.514839170261
"Male",74.8249453074994,220.336366886695
"Male",71.6051458474554,192.427913613357
"Male",67.260103577221,163.386512746963
"Male",70.9241944325351,199.778372639881
"Male",75.0596686483632,218.583687985000
"Male",73.1008762422727,223.206451566012
"Male",70.6619920308473,217.951882605948
"Male",67.1446673494398,171.207778898624
"Male",67.1231534297474,147.537956155257
"Male",69.5249439626314,170.037186251170
"Male",65.2246916634494,160.836074452623
"Male",68.4104628205716,185.127735469558
"Male",68.763463696161,177.083388175076
"Male",67.9368688125212,188.884096818794
"Male",69.2378286911685,159.244886180877
"Male",68.46572391809,188.079276046176
"Male",65.6942935969472,150.960619570537
"Male",69.4309980463662,172.325881178479
"Male",66.1353914165956,166.363818692456
"Male",70.8770481302174,186.339824370789
"Male",65.9730649994945,187.658379142995
"Male",64.9391154197026,163.880198525282
"Male",68.368603321184,196.949506368912
"Male",69.5255513063261,189.707398780834
"Male",66.4556021398344,188.974847308905
"Male",69.474581761728,177.343917682018
"Male",68.7300987032260,184.130431971036
"Male",73.7812744801257,221.240095762718
"Male",76.50188334064,217.882346394923
"Male",71.2257019248704,199.182762952512
"Male",64.5062104482427,164.500366620687
"Male",66.5038149399263,163.269889315846
"Male",69.2104130403531,187.624820339102
"Male",63.5463697191554,150.346658456669
"Male",69.7311284328782,202.707102372802
"Male",68.6082084641792,181.724836528158
"Male",71.464130247868,206.590856693051
"Male",69.5094880014557,203.985415487617
"Male",73.7596357420018,231.608670942233
"Male",68.2777867627378,195.189930156404
"Male",72.4546334226458,200.290004474109
"Male",70.7691932703988,195.353057497215
"Male",70.4521407449342,188.098837300362
"Male",68.9040988533852,194.659769774523
"Male",69.2384271868614,197.412091355179
"Male",67.2778472839007,156.416342192304
"Male",71.4637646915818,207.768534974947
"Male",68.8406335127133,171.921149933427
"Male",71.4059647136753,216.923291191821
"Male",70.144874073255,190.585376753341
"Male",70.6796910335925,206.119839185486
"Male",68.5411160545877,201.108892294769
"Male",71.4347269121165,206.594058750348
"Male",65.2208204814207,158.987186084825
"Male",70.7731514183424,208.223566139917
"Male",69.760094789524,187.812061866277
"Male",63.9625306846396,168.349456798515
"Male",70.3041632689917,196.835051662201
"Male",70.3168492217264,205.521885795243
"Male",67.4054078779366,164.574391291788
"Male",67.121503053709,167.191527196189
"Male",68.3775798868721,168.997323920848
"Male",69.5782389725199,184.219818154564
"Male",62.5322532839863,168.153326219890
"Male",69.3368215258868,184.119415287208
"Male",66.7874672787514,172.175466312667
"Male",75.3912922303323,218.604697288874
"Male",70.2136290842041,189.658273775163
"Male",71.1035636159129,196.759936203758
"Male",69.7938878917517,181.723193180931
"Male",66.4718444604063,175.389151760833
"Male",70.7137140881225,208.710438585204
"Male",63.618717286078,162.674975183263
"Male",70.5492797174363,191.318810834470
"Male",67.4028210941089,192.672675824117
"Male",71.4351749033072,213.337773308762
"Male",68.5934051359775,187.402530930982
"Male",71.4523265352799,203.448273004639
"Male",70.6987899471723,189.985478828833
"Male",71.3914644848076,197.307058582909
"Male",70.4856431655714,193.359946993498
"Male",74.4081878556543,226.701022932309
"Male",63.4004232290441,185.188138040552
"Male",68.3997191187644,171.329108454027
"Male",67.4298541805405,175.124366331655
"Male",70.8119999651241,196.221113490145
"Male",67.1102710065681,194.752353698099
"Male",67.7282199001928,184.468450401731
"Male",68.5508321853167,179.556789891852
"Male",68.619484972581,192.605638565238
"Male",70.605761010108,197.341247176261
"Male",67.0867812193882,164.175700818982
"Male",65.3117081851018,167.327702757749
"Male",69.9241467518784,185.866584288640
"Male",68.364634884563,193.981747611358
"Male",70.869804923435,205.863934518421
"Male",76.0123000122601,235.437966081368
"Male",67.9659678054035,176.966727879219
"Male",69.7650874422372,199.02642762377
"Male",69.5686723852038,200.704051660034
"Male",71.5600187424886,213.978596580713
"Male",70.9580492704939,201.663337321292
"Male",65.4409223111664,144.132026850880
"Male",70.9761245175843,202.603188030477
"Male",67.9928512420125,183.958089153383
"Male",70.5185150906246,199.568441028307
"Male",69.1091914382834,176.045407011543
"Male",71.6055730996525,194.932568526505
"Male",69.8895585817577,203.518326493008
"Male",66.4568987750028,166.684648751465
"Male",70.2913541843552,207.508542611603
"Male",62.6199652024419,152.852974718754
"Male",66.621681831888,146.230804742359
"Male",65.3502881767895,156.761337138797
"Male",71.6067398889196,209.964943185152
"Male",69.4129144287566,183.902110439132
"Male",69.8938135929651,200.796854476097
"Male",65.665958564131,164.215639183560
"Male",64.4082732512145,154.641041608773
"Male",68.62688583476,189.44924046642
"Male",69.6002826442675,176.594888560523
"Male",67.4532312427657,173.272217789955
"Male",68.1699945979806,185.253109882045
"Male",69.553614036104,203.811090942794
"Male",65.7472979878932,182.051690329734
"Male",73.1223931509758,201.703778019228
"Male",66.6209260032382,177.842655342218
"Male",69.1459089866395,202.628196093564
"Male",65.965795047667,186.225430725101
"Male",67.2032664163271,185.454007229585
"Male",65.4539571708589,175.844485044790
"Male",73.0300920269224,209.587800507552
"Male",68.3172449023022,179.370856017665
"Male",66.3342814592302,165.368276469302
"Male",72.3619834817878,198.262970327058
"Male",67.7174274900004,184.931804199742
"Male",70.4775913017474,200.247996191067
"Male",71.1629916473587,199.443988986417
"Male",69.3547795615889,202.332215731187
"Male",70.0972376450384,201.993728023585
"Male",69.2972916961487,197.358760710745
"Male",63.3099692849417,157.003543665807
"Male",67.8872298890947,183.343327242353
"Male",73.2029699010359,203.023116063971
"Male",73.1411550985637,193.926034192487
"Male",70.8959825454072,195.601365349029
"Male",72.1426926653778,214.853925271526
"Male",72.1327778674956,184.147188834447
"Male",71.2066187430906,193.743259981117
"Male",66.2521505114177,170.109499628414
"Male",72.3415887742695,205.699621116357
"Male",68.068922111764,166.263500115293
"Male",71.3973089137367,198.406733806725
"Male",65.7260320477284,169.675260295768
"Male",67.1104474203962,160.050285251246
"Male",72.2150349075593,204.937760149992
"Male",63.0097830848321,147.901820043978
"Male",69.5691552119986,180.949823360142
"Male",70.4040016797078,217.837244762115
"Male",68.0302155969993,189.361639792627
"Male",69.7779103180642,176.090289339977
"Male",62.0786351862267,130.277274850818
"Male",65.8344196799245,159.319115073327
"Male",70.7809360391759,191.968177874730
"Male",69.5714302095419,182.154139159232
"Male",67.3270648124962,188.35172566903
"Male",67.8146018831068,191.760001792547
"Male",66.682242766975,162.766968330461
"Male",69.6397087490569,197.596213071005
"Male",64.7742374037153,182.589844094188
"Male",73.9629410745522,200.007160851719
"Male",67.9333838365102,184.409520002429
"Male",66.7700394702836,165.489768001822
"Male",68.936357575679,176.652179225913
"Male",76.4345587137262,228.872990637662
"Male",68.996145368249,180.350924390491
"Male",73.5018396237801,225.972218321773
"Male",69.6031034024769,189.816644900283
"Male",72.067379985717,202.262074138673
"Male",70.4892245364657,178.918714208691
"Male",67.0348505611985,167.044233115506
"Male",66.184108496297,172.637611536679
"Male",68.6942095017358,179.962508790081
"Male",66.6532337437077,160.147436127873
"Male",69.8386570782748,178.392482558206
"Male",66.2450648070515,154.588689585938
"Male",72.8110316092765,208.848846495439
"Male",64.4747469568808,169.430634272192
"Male",69.7544793252549,181.641048884472
"Male",70.6614443891591,203.844791576438
"Male",72.4706184938672,184.446325303497
"Male",68.1715328455939,199.70181147917
"Male",72.9871714255633,206.629399212360
"Male",70.5335647702984,196.584345936451
"Male",70.0469530715995,190.002405191259
"Male",69.0160671628343,196.76390754959
"Male",73.5491622682398,222.297492120609
"Male",68.118097827498,180.065609406600
"Male",68.2876370331869,178.432597736547
"Male",71.527047694968,202.748739711506
"Male",73.3965429282898,220.945760743646
"Male",69.8445640844681,198.630278194117
"Male",70.15196587967,203.734480758039
"Male",66.2997258732792,150.149361277111
"Male",76.4929339594115,227.139295974484
"Male",71.0323851971723,186.762487511985
"Male",66.6310409367559,170.421149332108
"Male",66.0755368151504,182.428002531571
"Male",70.6131624145417,187.472023542885
"Male",65.2034806844673,158.664555216949
"Male",66.8618612870774,175.797275435425
"Male",73.7579982986776,220.770232006582
"Male",69.8980860723227,195.758935463703
"Male",69.5273197188296,189.027367850759
"Male",66.7444774700376,154.126850429328
"Male",69.0744920316712,179.386816722320
"Male",68.5617507293083,172.195363687745
"Male",70.3225500128014,190.461776758205
"Male",71.9491204211446,208.088946513166
"Male",70.9165517924984,191.883267018275
"Male",70.37112335334,197.382415661258
"Male",67.796477151995,189.683151319762
"Male",68.6999956299772,208.068199264981
"Male",69.1146317960513,188.717272552453
"Male",67.6971036455845,187.423896421090
"Male",71.2803302309239,217.903599366613
"Male",71.4275751935442,201.842808664398
"Male",71.0433563208046,204.627727659118
"Male",64.7262559397982,143.347565498203
"Male",67.1481594371304,182.031248036570
"Male",72.29169702561,202.104371634163
"Male",70.2428661701033,192.796112562644
"Male",64.457857849175,158.916699285487
"Male",74.4649885443558,213.482102570528
"Male",65.2989151495077,162.818275468988
"Male",72.7495261139615,212.180718812816
"Male",65.7181787540213,155.175542786984
"Male",68.8900949391591,194.681434643233
"Male",73.0384086139,209.475388083627
"Male",69.86074638417,198.321828121241
"Male",69.8611969523225,179.662496461814
"Male",71.7655616628825,192.690383151505
"Male",66.8208458858784,179.801568231632
"Male",67.7876938262705,190.506795646304
"Male",69.2507138496364,196.141144482203
"Male",68.9296721083659,180.826457432256
"Male",68.9971098556648,186.635312996650
"Male",66.3739949336111,167.784391028618
"Male",66.3765193269966,179.468886431732
"Male",69.0545697565698,181.360351242341
"Male",65.6674754047304,161.422210929555
"Male",62.7528775216661,149.759706016500
"Male",66.577986705883,161.201890594841
"Male",67.2721706595338,187.363365848207
"Male",69.836551651926,176.011673267755
"Male",74.216430944514,238.569450876454
"Male",71.2305285617873,209.032876811002
"Male",70.7628651265818,194.796567253093
"Male",67.8789538779499,163.724432624055
"Male",67.1145266908252,182.512451120851
"Male",66.5398122216795,175.093254689416
"Male",67.0912186560557,180.880724606769
"Male",68.8934176530557,172.654237864262
"Male",71.8826967420196,207.57561358173
"Male",70.5318761057351,194.009472984818
"Male",69.2081081950178,187.867102546193
"Male",66.8547377457483,161.223964804125
"Male",77.1608008945486,228.707300850029
"Male",68.1985373165711,176.456828376649
"Male",66.7957930920407,186.993898606724
"Male",74.0702062076238,218.423584474029
"Male",69.6917430451575,184.618952908832
"Male",70.4827574106373,199.359223999908
"Male",66.2029636090014,164.634463670180
"Male",71.8578879072308,193.429989763484
"Male",65.975207182975,171.076831440131
"Male",72.6769610901306,217.561415368678
"Male",69.8120217064516,188.064983938564
"Male",69.0431459809296,178.184817464393
"Male",63.8506783939551,151.996661485131
"Male",64.9097852365578,145.176135872661
"Male",65.045444008848,147.66026013933
"Male",68.8743961941656,183.438539153398
"Male",69.9822194992417,178.348439117701
"Male",62.709303709749,152.820468105226
"Male",66.9234367580027,173.634257094193
"Male",67.2690439717089,180.035672697479
"Male",72.1225255313879,200.336805594253
"Male",69.6114032550123,170.296196746773
"Male",65.18470087045,166.73855470482
"Male",74.0802749473551,194.778854330805
"Male",61.121828632923,152.791130086580
"Male",68.321452866911,206.426146941539
"Male",63.9529283994475,164.771475352160
"Male",68.5813735185472,181.167060950369
"Male",64.9259089634653,185.001854178420
"Male",69.6597535242007,209.520424599613
"Male",71.1207533229965,197.345436026506
"Male",62.8041907055702,148.605042361239
"Male",70.8112617091695,201.224277133599
"Male",69.5495105694549,199.193814754676
"Male",67.0323461956309,188.459689131546
"Male",67.396834254227,178.300196634959
"Male",69.3718433314283,173.430169608834
"Male",74.5451369404472,218.437567908138
"Male",66.5565249852091,173.386830210271
"Male",67.2599528243859,186.320797193534
"Male",66.0019677250915,165.167722781655
"Male",67.2835074243167,203.135759560563
"Male",67.924633636526,161.670827844243
"Male",66.0576338070287,164.470503879209
"Male",65.8445804640368,170.792356904563
"Male",69.031062851652,170.310122186155
"Male",70.3271164111783,192.497160869606
"Male",66.5343065072948,166.371257998110
"Male",71.4716748983661,196.540959991148
"Male",70.0469307663445,183.619620777862
"Male",68.6057105628212,187.291391863172
"Male",68.9823807296095,178.282409486653
"Male",73.7888849042811,222.397560523835
"Male",69.0728108169759,190.587912957767
"Male",73.1879491114706,204.103816962433
"Male",68.6773844055852,192.196246087213
"Male",64.9223362561123,179.409091862310
"Male",66.1112291402564,192.765580966011
"Male",67.7489898525367,169.740272090197
"Male",71.8139035569294,192.816441679395
"Male",69.1954412203952,185.729196133650
"Male",67.4071716573248,188.594092236700
"Male",69.8766334089165,179.680930323501
"Male",64.366676724607,162.495082455027
"Male",67.492853857301,183.383780173245
"Male",73.1224332056134,221.445902076745
"Male",67.6529454789154,188.889864542325
"Male",68.5379018504103,191.822914272445
"Male",70.7247580226813,214.261518198021
"Male",68.230150312392,182.382822151331
"Male",67.6971234115329,163.939878580161
"Male",73.7167427530004,198.462226895361
"Male",68.8584572194312,187.395085781024
"Male",66.473765965897,175.947367804346
"Male",69.9722813210905,188.625911160118
"Male",67.5561832236562,200.779691031520
"Male",74.2720186547956,209.937492806304
"Male",72.0938599798142,201.862658416185
"Male",69.5697796657481,182.794844209970
"Male",71.6140894517358,206.163432503748
"Male",67.1385496121352,171.876966350462
"Male",68.4156512567171,171.321216279214
"Male",78.0958674715774,255.690834836788
"Male",68.6426275979686,178.816794561407
"Male",70.0268418933568,186.35870219412
"Male",74.3256770078908,220.845727450162
"Male",72.2316362418495,202.137160078903